Kingdom	Phylum	Class	Order	Family	Genus	Species
seq_1	Bacteria	Bacteroidetes	Bacteroidia	Bacteroidales	Rikenellaceae	Alistipes	NA
seq_2	Bacteria	Bacteroidetes	Bacteroidia	Bacteroidales	Bacteroidaceae	Bacteroides	uniformis
seq_3	Bacteria	Bacteroidetes	Bacteroidia	Bacteroidales	Bacteroidaceae	Bacteroides	NA
seq_4	Bacteria	Fusobacteria	Fusobacteriia	Fusobacteriales	Fusobacteriaceae	Fusobacterium	ulcerans
seq_5	Bacteria	Firmicutes	Clostridia	Clostridiales	Ruminococcaceae	Ruminiclostridium_5	NA
seq_6	Bacteria	Synergistetes	Synergistia	Synergistales	Synergistaceae	Pyramidobacter	piscolens
seq_7	Bacteria	Bacteroidetes	Bacteroidia	Bacteroidales	Bacteroidaceae	Bacteroides	NA
seq_8	Bacteria	Bacteroidetes	Bacteroidia	Bacteroidales	Bacteroidaceae	Bacteroides	vulgatus
seq_9	Bacteria	Proteobacteria	Gammaproteobacteria	Enterobacteriales	Enterobacteriaceae	Escherichia/Shigella	NA
seq_10	Bacteria	Firmicutes	Clostridia	Clostridiales	Lachnospiraceae	Hungatella	NA
seq_11	Bacteria	Firmicutes	Clostridia	Clostridiales	Lachnospiraceae	Lachnoclostridium	NA
seq_12	Bacteria	Firmicutes	Clostridia	Clostridiales	Ruminococcaceae	Faecalibacterium	NA
seq_13	Bacteria	Firmicutes	Clostridia	Clostridiales	Lachnospiraceae	Hungatella	NA
seq_14	Bacteria	Bacteroidetes	Bacteroidia	Bacteroidales	Porphyromonadaceae	Parabacteroides	merdae
seq_15	Bacteria	Firmicutes	Negativicutes	Selenomonadales	Acidaminococcaceae	Phascolarctobacterium	faecium
seq_16	Bacteria	Bacteroidetes	Bacteroidia	Bacteroidales	Bacteroidaceae	Bacteroides	NA
seq_17	Bacteria	Bacteroidetes	Bacteroidia	Bacteroidales	Bacteroidaceae	Bacteroides	stercoris
seq_18	Bacteria	Proteobacteria	Gammaproteobacteria	Enterobacteriales	Enterobacteriaceae	NA	NA
seq_19	Bacteria	Firmicutes	Clostridia	Clostridiales	Lachnospiraceae	Lachnoclostridium	NA
seq_20	Bacteria	Bacteroidetes	Bacteroidia	Bacteroidales	Bacteroidaceae	Bacteroides	caccae
seq_21	Bacteria	Firmicutes	Clostridia	Clostridiales	Lachnospiraceae	Lachnoclostridium	NA
seq_22	Bacteria	Firmicutes	Clostridia	Clostridiales	Ruminococcaceae	Ruminococcaceae_UCG-002	NA
seq_23	Bacteria	Proteobacteria	Deltaproteobacteria	Desulfovibrionales	Desulfovibrionaceae	Bilophila	NA
seq_24	Bacteria	Firmicutes	Clostridia	Clostridiales	Lachnospiraceae	NA	NA
seq_25	Bacteria	Firmicutes	Negativicutes	Selenomonadales	Veillonellaceae	Dialister	propionicifaciens
seq_26	Bacteria	Firmicutes	Clostridia	Clostridiales	Lachnospiraceae	Lachnoclostridium	NA
seq_27	Bacteria	Firmicutes	Clostridia	Clostridiales	Ruminococcaceae	Ruminococcaceae_UCG-003	NA
seq_28	Bacteria	Firmicutes	Clostridia	Clostridiales	Ruminococcaceae	Ruminococcaceae_UCG-005	NA
seq_29	Bacteria	Firmicutes	Clostridia	Clostridiales	Lachnospiraceae	Eisenbergiella	tayi
seq_30	Bacteria	Firmicutes	Bacilli	Bacillales	Planococcaceae	Lysinibacillus	NA
seq_31	Bacteria	Firmicutes	Clostridia	Clostridiales	Lachnospiraceae	Coprococcus_3	comes
seq_32	Bacteria	Firmicutes	Clostridia	Clostridiales	Ruminococcaceae	Ruminococcaceae_UCG-002	NA
seq_33	Bacteria	Firmicutes	Negativicutes	Selenomonadales	Veillonellaceae	Dialister	NA
seq_34	Bacteria	Firmicutes	Erysipelotrichia	Erysipelotrichales	Erysipelotrichaceae	Erysipelotrichaceae_UCG-003	NA
seq_35	Bacteria	Firmicutes	Clostridia	Clostridiales	Clostridiaceae_1	Clostridium_sensu_stricto_1	NA
seq_36	Bacteria	Firmicutes	Clostridia	Clostridiales	Ruminococcaceae	Flavonifractor	plautii
seq_37	Bacteria	Bacteroidetes	Bacteroidia	Bacteroidales	Rikenellaceae	Alistipes	shahii
seq_38	Bacteria	Firmicutes	Clostridia	Clostridiales	Lachnospiraceae	Lachnoclostridium	NA
seq_39	Bacteria	Firmicutes	Clostridia	Clostridiales	Lachnospiraceae	Eisenbergiella	NA
seq_40	Bacteria	Firmicutes	Clostridia	Clostridiales	Ruminococcaceae	Ruminococcaceae_UCG-002	NA
seq_41	Bacteria	Firmicutes	Clostridia	Clostridiales	Ruminococcaceae	Oscillibacter	NA
seq_42	Bacteria	Bacteroidetes	Bacteroidia	Bacteroidales	Bacteroidaceae	Bacteroides	vulgatus
seq_43	Bacteria	Proteobacteria	Deltaproteobacteria	Desulfovibrionales	Desulfovibrionaceae	Bilophila	wadsworthia
seq_44	Bacteria	Firmicutes	Negativicutes	Selenomonadales	Veillonellaceae	Anaeroglobus	geminatus
seq_45	Bacteria	Firmicutes	Clostridia	Clostridiales	Ruminococcaceae	Subdoligranulum	NA
seq_46	Bacteria	Bacteroidetes	Bacteroidia	Bacteroidales	Bacteroidaceae	Bacteroides	NA
seq_47	Bacteria	Proteobacteria	Betaproteobacteria	Burkholderiales	Alcaligenaceae	Parasutterella	excrementihominis
seq_48	Bacteria	Firmicutes	Clostridia	Clostridiales	Ruminococcaceae	Ruminococcaceae_UCG-004	NA
seq_49	Bacteria	Firmicutes	Clostridia	Clostridiales	Ruminococcaceae	Faecalibacterium	NA
seq_50	Bacteria	Firmicutes	Erysipelotrichia	Erysipelotrichales	Erysipelotrichaceae	Dielma	NA
seq_51	Bacteria	Firmicutes	Clostridia	Clostridiales	Ruminococcaceae	Ruminiclostridium_9	NA
seq_52	Bacteria	Firmicutes	Clostridia	Clostridiales	Ruminococcaceae	Anaerofilum	NA
seq_53	Bacteria	Proteobacteria	Deltaproteobacteria	Desulfovibrionales	Desulfovibrionaceae	Desulfovibrio	NA
seq_54	Bacteria	Firmicutes	Clostridia	Clostridiales	Christensenellaceae	Christensenellaceae_R-7_group	NA
seq_55	Bacteria	Firmicutes	Clostridia	Clostridiales	Lachnospiraceae	Lactonifactor	NA
seq_56	Bacteria	Proteobacteria	Betaproteobacteria	Burkholderiales	Alcaligenaceae	Parasutterella	NA
seq_57	Bacteria	Firmicutes	Clostridia	Clostridiales	Ruminococcaceae	Oscillospira	NA
seq_58	Bacteria	Bacteroidetes	Bacteroidia	Bacteroidales	Porphyromonadaceae	Parabacteroides	distasonis
seq_59	Bacteria	Firmicutes	Clostridia	Clostridiales	Lachnospiraceae	NA	NA
seq_60	Bacteria	Firmicutes	Clostridia	Clostridiales	Ruminococcaceae	Intestinimonas	butyriciproducens
seq_61	Bacteria	Firmicutes	Clostridia	Clostridiales	Ruminococcaceae	Faecalibacterium	NA
seq_62	Bacteria	Bacteroidetes	Bacteroidia	Bacteroidales	Bacteroidaceae	Bacteroides	massiliensis
seq_63	Bacteria	Firmicutes	Clostridia	Clostridiales	Lachnospiraceae	Coprococcus_1	catus
seq_64	Bacteria	Actinobacteria	Actinobacteria	Bifidobacteriales	Bifidobacteriaceae	Bifidobacterium	NA
seq_65	Bacteria	Firmicutes	Bacilli	Bacillales	Bacillaceae	Bacillus	NA
seq_66	Bacteria	Proteobacteria	Gammaproteobacteria	Enterobacteriales	Enterobacteriaceae	NA	NA
seq_67	Bacteria	Firmicutes	Clostridia	Clostridiales	Lachnospiraceae	NA	NA
seq_68	Bacteria	Firmicutes	Clostridia	Clostridiales	Lachnospiraceae	Lachnospira	NA
seq_69	Bacteria	Firmicutes	Clostridia	Clostridiales	Lachnospiraceae	Lachnospiraceae_NK4A136_group	NA
seq_70	Bacteria	Firmicutes	Clostridia	Clostridiales	Lachnospiraceae	Lachnospira	NA
seq_71	Bacteria	Firmicutes	Clostridia	Clostridiales	Lachnospiraceae	Blautia	faecis
seq_72	Bacteria	Firmicutes	Bacilli	Bacillales	Paenibacillaceae	Paenibacillus	azoreducens
seq_73	Bacteria	Firmicutes	Clostridia	Clostridiales	Lachnospiraceae	Pseudobutyrivibrio	NA
seq_74	Bacteria	Firmicutes	Clostridia	Clostridiales	Ruminococcaceae	Faecalibacterium	prausnitzii
seq_75	Bacteria	Firmicutes	Clostridia	Clostridiales	Lachnospiraceae	Lachnospiraceae_UCG-005	NA
seq_76	Bacteria	Firmicutes	Clostridia	Clostridiales	Lachnospiraceae	Roseburia	NA
seq_77	Bacteria	Bacteroidetes	Bacteroidia	Bacteroidales	Porphyromonadaceae	Parabacteroides	NA
seq_78	Bacteria	Firmicutes	Negativicutes	Selenomonadales	Veillonellaceae	Veillonella	NA
seq_79	Bacteria	Firmicutes	Erysipelotrichia	Erysipelotrichales	Erysipelotrichaceae	Incertae_Sedis	NA
seq_80	Bacteria	Bacteroidetes	Bacteroidia	Bacteroidales	Bacteroidaceae	Bacteroides	nordii
seq_81	Bacteria	Firmicutes	Clostridia	Clostridiales	Christensenellaceae	Catabacter	hongkongensis
seq_82	Bacteria	Proteobacteria	Betaproteobacteria	Burkholderiales	Alcaligenaceae	Sutterella	NA
seq_83	Bacteria	Firmicutes	Clostridia	Clostridiales	Ruminococcaceae	Subdoligranulum	NA
seq_84	Bacteria	Firmicutes	Clostridia	Clostridiales	Lachnospiraceae	Lachnoclostridium	NA
seq_85	Bacteria	Bacteroidetes	Bacteroidia	Bacteroidales	Porphyromonadaceae	Barnesiella	intestinihominis
seq_86	Bacteria	Bacteroidetes	Bacteroidia	Bacteroidales	Bacteroidaceae	Bacteroides	eggerthii
seq_87	Bacteria	Firmicutes	Erysipelotrichia	Erysipelotrichales	Erysipelotrichaceae	Erysipelatoclostridium	ramosum
seq_88	Bacteria	Firmicutes	Clostridia	Clostridiales	Lachnospiraceae	Eisenbergiella	NA
seq_89	Bacteria	Firmicutes	Clostridia	Clostridiales	Ruminococcaceae	NA	NA
seq_90	Bacteria	Firmicutes	Clostridia	Clostridiales	Ruminococcaceae	Ruminiclostridium	NA
seq_91	Bacteria	Firmicutes	Clostridia	Clostridiales	Lachnospiraceae	Lachnoclostridium	NA
seq_92	Bacteria	Firmicutes	Clostridia	Clostridiales	Ruminococcaceae	Ruminiclostridium_9	NA
seq_93	Bacteria	Firmicutes	Clostridia	Clostridiales	Lachnospiraceae	Dorea	longicatena
seq_94	Bacteria	Firmicutes	Clostridia	Clostridiales	Lachnospiraceae	Blautia	NA
seq_95	Bacteria	Firmicutes	Negativicutes	Selenomonadales	Veillonellaceae	Megasphaera	micronuciformis
seq_96	Bacteria	Firmicutes	Clostridia	Clostridiales	Lachnospiraceae	[Eubacterium]_ventriosum_group	NA
seq_97	Bacteria	Bacteroidetes	Bacteroidia	Bacteroidales	Rikenellaceae	Alistipes	finegoldii
seq_98	Bacteria	Firmicutes	Clostridia	Clostridiales	Clostridiaceae_1	Clostridium_sensu_stricto_13	subterminale
seq_99	Bacteria	Firmicutes	Clostridia	Clostridiales	Lachnospiraceae	Fusicatenibacter	saccharivorans
seq_100	Bacteria	Firmicutes	Bacilli	Bacillales	Paenibacillaceae	Paenibacillus	NA
seq_101	Bacteria	Firmicutes	Clostridia	Clostridiales	Ruminococcaceae	Ruminococcus_2	NA
seq_102	Bacteria	Firmicutes	Clostridia	Clostridiales	Lachnospiraceae	Lachnospiraceae_ND3007_group	NA
seq_103	Bacteria	Firmicutes	Clostridia	Clostridiales	Ruminococcaceae	Anaerotruncus	colihominis
seq_104	Bacteria	Firmicutes	Erysipelotrichia	Erysipelotrichales	Erysipelotrichaceae	Erysipelotrichaceae_UCG-003	NA
seq_105	Bacteria	Firmicutes	Clostridia	Clostridiales	Lachnospiraceae	Roseburia	inulinivorans
seq_106	Bacteria	Firmicutes	Clostridia	Clostridiales	Lachnospiraceae	Blautia	stercoris
seq_107	Bacteria	Actinobacteria	Actinobacteria	Bifidobacteriales	Bifidobacteriaceae	Bifidobacterium	NA
seq_108	Bacteria	Firmicutes	Clostridia	Clostridiales	Ruminococcaceae	Subdoligranulum	NA
seq_109	Bacteria	Firmicutes	Clostridia	Clostridiales	Family_XI	Peptoniphilus	massiliensis
seq_110	Bacteria	Firmicutes	Clostridia	Clostridiales	Ruminococcaceae	[Eubacterium]_coprostanoligenes_group	NA
seq_111	Bacteria	Firmicutes	Clostridia	Clostridiales	Ruminococcaceae	Ruminococcaceae_UCG-005	NA
seq_112	Bacteria	Firmicutes	Clostridia	Clostridiales	Lachnospiraceae	Coprococcus_1	NA
seq_113	Bacteria	Firmicutes	Clostridia	Clostridiales	Lachnospiraceae	Lachnospiraceae_UCG-010	NA
seq_114	Bacteria	Firmicutes	Clostridia	Clostridiales	Lachnospiraceae	Blautia	NA
seq_115	Bacteria	Firmicutes	Clostridia	Clostridiales	Lachnospiraceae	Lachnospira	NA
seq_116	Bacteria	Firmicutes	Clostridia	Clostridiales	Lachnospiraceae	Lachnospira	NA
seq_117	Bacteria	Firmicutes	Clostridia	Clostridiales	Lachnospiraceae	Lachnospiraceae_UCG-010	NA
seq_118	Bacteria	Firmicutes	Clostridia	Clostridiales	Family_XIII	Family_XIII_AD3011_group	NA
seq_119	Bacteria	Firmicutes	Clostridia	Clostridiales	Ruminococcaceae	Ruminiclostridium	NA
seq_120	Bacteria	Firmicutes	Clostridia	Clostridiales	Lachnospiraceae	Eisenbergiella	NA
seq_121	Bacteria	Firmicutes	Clostridia	Clostridiales	Clostridiaceae_1	Clostridium_sensu_stricto_1	NA
seq_122	Bacteria	Firmicutes	Clostridia	Clostridiales	Lachnospiraceae	NA	NA
seq_123	Bacteria	Firmicutes	Clostridia	Clostridiales	Lachnospiraceae	Anaerostipes	hadrus
seq_124	Bacteria	Firmicutes	Clostridia	Clostridiales	Lachnospiraceae	NA	NA
seq_125	Bacteria	Firmicutes	Bacilli	Bacillales	Paenibacillaceae	Paenibacillus	graminis
seq_126	Bacteria	Firmicutes	Clostridia	Clostridiales	Lachnospiraceae	Lachnospiraceae_UCG-004	NA
seq_127	Bacteria	Bacteroidetes	Bacteroidia	Bacteroidales	Bacteroidaceae	Bacteroides	NA
seq_128	Bacteria	Firmicutes	Clostridia	Clostridiales	Lachnospiraceae	Lachnoclostridium	NA
seq_129	Bacteria	Firmicutes	Clostridia	Clostridiales	Lachnospiraceae	Lachnoclostridium	NA
seq_130	Bacteria	Firmicutes	Bacilli	Bacillales	Bacillaceae	Bacillus	NA
seq_131	Bacteria	Firmicutes	Clostridia	Clostridiales	Lachnospiraceae	Anaerostipes	NA
seq_132	Bacteria	Firmicutes	Clostridia	Clostridiales	Ruminococcaceae	Ruminiclostridium_5	NA
seq_133	Bacteria	Firmicutes	Clostridia	Clostridiales	Lachnospiraceae	Lachnospiraceae_NK4A136_group	NA
seq_134	Bacteria	Firmicutes	Clostridia	Clostridiales	Lachnospiraceae	Blautia	NA
seq_135	Bacteria	Firmicutes	Clostridia	Clostridiales	Lachnospiraceae	Lachnospiraceae_UCG-005	NA
seq_136	Bacteria	Actinobacteria	Coriobacteriia	Coriobacteriales	Coriobacteriaceae	Collinsella	aerofaciens
seq_137	Bacteria	Firmicutes	Clostridia	Clostridiales	Ruminococcaceae	Ruminiclostridium_9	NA
seq_138	Bacteria	Firmicutes	Clostridia	Clostridiales	Lachnospiraceae	NA	NA
seq_139	Bacteria	Firmicutes	Clostridia	Clostridiales	Lachnospiraceae	NA	NA
seq_140	Bacteria	Firmicutes	Clostridia	Clostridiales	Ruminococcaceae	Ruminococcaceae_UCG-013	NA
seq_141	Bacteria	Firmicutes	Clostridia	Clostridiales	Lachnospiraceae	Lachnoclostridium	NA
seq_142	Bacteria	Firmicutes	Clostridia	Clostridiales	Lachnospiraceae	[Ruminococcus]_gauvreauii_group	NA
seq_143	Bacteria	Firmicutes	Negativicutes	Selenomonadales	Veillonellaceae	Veillonella	NA
seq_144	Bacteria	Firmicutes	Clostridia	Clostridiales	Lachnospiraceae	Blautia	wexlerae
seq_145	Bacteria	Firmicutes	Clostridia	Clostridiales	Ruminococcaceae	Ruminococcaceae_UCG-008	NA
seq_146	Bacteria	Firmicutes	Clostridia	Clostridiales	Family_XIII	NA	NA
seq_147	Bacteria	Firmicutes	Negativicutes	Selenomonadales	Veillonellaceae	Dialister	NA
seq_148	Bacteria	Firmicutes	Clostridia	Clostridiales	Lachnospiraceae	Lachnoclostridium	NA
seq_149	Bacteria	Firmicutes	Clostridia	Clostridiales	Eubacteriaceae	Eubacterium	NA
seq_150	Bacteria	Firmicutes	Clostridia	Clostridiales	Peptostreptococcaceae	Intestinibacter	bartlettii
seq_151	Bacteria	Firmicutes	Clostridia	Clostridiales	Clostridiaceae_1	Clostridium_sensu_stricto_1	paraputrificum
seq_152	Bacteria	Firmicutes	Clostridia	Clostridiales	Lachnospiraceae	Coprococcus_3	NA
seq_153	Bacteria	Firmicutes	Clostridia	Clostridiales	Lachnospiraceae	Dorea	formicigenerans
seq_154	Bacteria	Firmicutes	Clostridia	Clostridiales	Family_XIII	Family_XIII_UCG-001	NA
seq_155	Bacteria	Firmicutes	Clostridia	Clostridiales	Ruminococcaceae	Candidatus_Soleaferrea	NA
seq_156	Bacteria	Firmicutes	Clostridia	Clostridiales	Ruminococcaceae	Faecalibacterium	prausnitzii
seq_157	Bacteria	Firmicutes	Clostridia	Clostridiales	Lachnospiraceae	Hungatella	NA
seq_158	Bacteria	Firmicutes	Bacilli	Lactobacillales	Streptococcaceae	Streptococcus	NA
seq_159	Bacteria	Bacteroidetes	Bacteroidia	Bacteroidales	Porphyromonadaceae	Parabacteroides	NA
seq_160	Bacteria	Firmicutes	Erysipelotrichia	Erysipelotrichales	Erysipelotrichaceae	Holdemania	filiformis
seq_161	Bacteria	Firmicutes	Clostridia	Clostridiales	Lachnospiraceae	Lachnospiraceae_UCG-004	NA
seq_162	Bacteria	Firmicutes	Clostridia	Clostridiales	Lachnospiraceae	[Eubacterium]_hallii_group	NA
seq_163	Bacteria	Bacteroidetes	Bacteroidia	Bacteroidales	Porphyromonadaceae	Odoribacter	splanchnicus
seq_164	Bacteria	Firmicutes	Clostridia	Clostridiales	Peptostreptococcaceae	Romboutsia	NA
seq_165	Bacteria	Firmicutes	Clostridia	Clostridiales	Lachnospiraceae	Lachnospiraceae_UCG-004	NA
seq_166	Bacteria	Firmicutes	Clostridia	Clostridiales	Ruminococcaceae	Faecalibacterium	NA
seq_167	Bacteria	Firmicutes	Clostridia	Clostridiales	Lachnospiraceae	Lachnoclostridium	NA
seq_168	Bacteria	Bacteroidetes	Bacteroidia	Bacteroidales	Porphyromonadaceae	Barnesiella	NA
seq_169	Bacteria	Firmicutes	Clostridia	Clostridiales	Ruminococcaceae	NA	NA
seq_170	Bacteria	Firmicutes	Clostridia	Clostridiales	Lachnospiraceae	Lachnoclostridium	NA
seq_171	Bacteria	Proteobacteria	Betaproteobacteria	Burkholderiales	Alcaligenaceae	Parasutterella	NA
seq_172	Bacteria	Bacteroidetes	Bacteroidia	Bacteroidales	Rikenellaceae	Alistipes	NA
seq_173	Bacteria	Firmicutes	Bacilli	Bacillales	Bacillaceae	Bacillus	NA
seq_174	Bacteria	Firmicutes	Clostridia	Clostridiales	Ruminococcaceae	Anaerotruncus	NA
seq_175	Bacteria	Firmicutes	Clostridia	Clostridiales	Ruminococcaceae	Ruminiclostridium_5	NA
seq_176	Bacteria	Firmicutes	Clostridia	Clostridiales	Ruminococcaceae	Ruminiclostridium_5	NA
seq_177	Bacteria	Firmicutes	Clostridia	Clostridiales	Ruminococcaceae	Ruminiclostridium	NA
seq_178	Bacteria	Firmicutes	Clostridia	Clostridiales	Ruminococcaceae	NA	NA
seq_179	Bacteria	Firmicutes	Clostridia	Clostridiales	Lachnospiraceae	NA	NA
seq_180	Bacteria	Bacteroidetes	Bacteroidia	Bacteroidales	Porphyromonadaceae	Parabacteroides	distasonis
seq_181	Bacteria	Bacteroidetes	Bacteroidia	Bacteroidales	Porphyromonadaceae	Parabacteroides	distasonis
seq_182	Bacteria	Firmicutes	Clostridia	Clostridiales	Lachnospiraceae	Blautia	NA
seq_183	Bacteria	Firmicutes	Clostridia	Clostridiales	Ruminococcaceae	NA	NA
seq_184	Bacteria	Fusobacteria	Fusobacteriia	Fusobacteriales	Fusobacteriaceae	Fusobacterium	nucleatum
seq_185	Bacteria	Firmicutes	Clostridia	Clostridiales	Ruminococcaceae	Ruminiclostridium_5	NA
seq_186	Bacteria	Firmicutes	Clostridia	Clostridiales	Lachnospiraceae	Lactonifactor	NA
seq_187	Bacteria	Firmicutes	Clostridia	Clostridiales	Ruminococcaceae	Anaerotruncus	NA
seq_188	Bacteria	Firmicutes	Clostridia	Clostridiales	Ruminococcaceae	NA	NA
seq_189	Bacteria	Firmicutes	Clostridia	Clostridiales	Lachnospiraceae	Lachnospiraceae_UCG-010	NA
seq_190	Bacteria	Bacteroidetes	Bacteroidia	Bacteroidales	Porphyromonadaceae	Barnesiella	NA
seq_191	Bacteria	Bacteroidetes	Bacteroidia	Bacteroidales	Bacteroidaceae	Bacteroides	NA
seq_192	Bacteria	Firmicutes	Erysipelotrichia	Erysipelotrichales	Erysipelotrichaceae	Holdemania	NA
seq_193	Bacteria	Firmicutes	Clostridia	Clostridiales	Lachnospiraceae	NA	NA
seq_194	Bacteria	Firmicutes	Clostridia	Clostridiales	Ruminococcaceae	Flavonifractor	NA
seq_195	Bacteria	Firmicutes	Clostridia	Clostridiales	Lachnospiraceae	Blautia	NA
seq_196	Bacteria	Proteobacteria	Gammaproteobacteria	Pasteurellales	Pasteurellaceae	Haemophilus	parainfluenzae
seq_197	Bacteria	Firmicutes	Clostridia	Clostridiales	Ruminococcaceae	Ruminiclostridium	NA
seq_198	Bacteria	Firmicutes	Clostridia	Clostridiales	Clostridiales_vadinBB60_group	NA	NA
seq_199	Bacteria	Firmicutes	Clostridia	Clostridiales	Christensenellaceae	Catabacter	NA
seq_200	Bacteria	Firmicutes	Clostridia	Clostridiales	Lachnospiraceae	Roseburia	NA
seq_201	Bacteria	Proteobacteria	Alphaproteobacteria	Caulobacterales	Caulobacteraceae	NA	NA
seq_202	Bacteria	Firmicutes	Clostridia	Clostridiales	Lachnospiraceae	NA	NA
seq_203	Bacteria	Bacteroidetes	Bacteroidia	Bacteroidales	Porphyromonadaceae	Parabacteroides	NA
seq_204	Bacteria	Firmicutes	Clostridia	Clostridiales	Ruminococcaceae	Ruminiclostridium_5	NA
seq_205	Bacteria	Firmicutes	Negativicutes	Selenomonadales	Veillonellaceae	Veillonella	NA
seq_206	Bacteria	Firmicutes	Negativicutes	Selenomonadales	Veillonellaceae	Dialister	invisus
seq_207	Bacteria	Firmicutes	Clostridia	Clostridiales	Ruminococcaceae	NA	NA
seq_208	Bacteria	Firmicutes	Clostridia	Clostridiales	Ruminococcaceae	Anaerotruncus	NA
seq_209	Bacteria	Firmicutes	Clostridia	Clostridiales	Clostridiaceae_1	Clostridium_sensu_stricto_1	NA
seq_210	Bacteria	Firmicutes	Bacilli	Lactobacillales	Streptococcaceae	Streptococcus	NA
seq_211	Bacteria	Firmicutes	Clostridia	Clostridiales	Lachnospiraceae	Lachnospiraceae_UCG-001	NA
seq_212	Bacteria	Firmicutes	Clostridia	Clostridiales	Lachnospiraceae	Fusicatenibacter	NA
seq_213	Bacteria	Firmicutes	Clostridia	Thermoanaerobacterales	Thermoanaerobacteraceae	Gelria	NA
seq_214	Bacteria	Firmicutes	Clostridia	Clostridiales	Ruminococcaceae	Anaerotruncus	NA
seq_215	Bacteria	Firmicutes	Clostridia	Clostridiales	Family_XI	Anaerococcus	vaginalis
seq_216	Bacteria	Firmicutes	Clostridia	Clostridiales	Ruminococcaceae	NA	NA
seq_217	Bacteria	Firmicutes	Clostridia	Clostridiales	Lachnospiraceae	Blautia	NA
seq_218	Bacteria	Firmicutes	Clostridia	Clostridiales	Lachnospiraceae	Tyzzerella	NA
seq_219	Bacteria	Firmicutes	Clostridia	Clostridiales	Family_XIII	NA	NA
seq_220	Bacteria	Firmicutes	Bacilli	Lactobacillales	Streptococcaceae	Lactococcus	NA
seq_221	Bacteria	Verrucomicrobia	Verrucomicrobiae	Verrucomicrobiales	Verrucomicrobiaceae	Akkermansia	muciniphila
seq_222	Bacteria	Actinobacteria	Actinobacteria	Pseudonocardiales	Pseudonocardiaceae	NA	NA
seq_223	Bacteria	Firmicutes	Bacilli	Lactobacillales	Streptococcaceae	Streptococcus	NA
seq_224	Bacteria	Bacteroidetes	Bacteroidia	Bacteroidales	Bacteroidaceae	Bacteroides	NA
seq_225	Bacteria	Firmicutes	Erysipelotrichia	Erysipelotrichales	Erysipelotrichaceae	Dielma	NA
seq_226	Bacteria	Firmicutes	Bacilli	Bacillales	Bacillaceae	NA	NA
seq_227	Bacteria	Firmicutes	Clostridia	Clostridiales	Lachnospiraceae	Coprococcus_1	NA
seq_228	Bacteria	Fusobacteria	Fusobacteriia	Fusobacteriales	Fusobacteriaceae	Fusobacterium	NA
seq_229	Bacteria	Firmicutes	Clostridia	Clostridiales	Ruminococcaceae	Anaerotruncus	NA
seq_230	Bacteria	Firmicutes	Clostridia	Clostridiales	Lachnospiraceae	NA	NA
seq_231	Bacteria	Firmicutes	Clostridia	Clostridiales	Ruminococcaceae	Acetanaerobacterium	NA
seq_232	Bacteria	Firmicutes	Clostridia	Clostridiales	Family_XIII	NA	NA
seq_233	Bacteria	Proteobacteria	Gammaproteobacteria	Aeromonadales	Succinivibrionaceae	Succinivibrio	NA
seq_234	Bacteria	Cyanobacteria	Cyanobacteria	SubsectionIII	FamilyI	Phormidium	NA
seq_235	Bacteria	Firmicutes	Clostridia	Clostridiales	Ruminococcaceae	NA	NA
seq_236	Bacteria	Firmicutes	Erysipelotrichia	Erysipelotrichales	Erysipelotrichaceae	Dielma	fastidiosa
seq_237	Bacteria	Cyanobacteria	Melainabacteria	Obscuribacterales	NA	NA	NA
seq_238	Bacteria	Firmicutes	Clostridia	Clostridiales	Lachnospiraceae	Lachnospiraceae_NK4A136_group	NA
seq_239	Bacteria	Firmicutes	Clostridia	Clostridiales	Lachnospiraceae	Lachnospiraceae_NK4A136_group	NA
seq_240	Bacteria	Firmicutes	Clostridia	Clostridiales	Ruminococcaceae	Ruminococcaceae_UCG-005	NA
seq_241	Bacteria	Firmicutes	Clostridia	Clostridiales	Family_XI	Ezakiella	NA
seq_242	Bacteria	Bacteroidetes	Bacteroidia	Bacteroidales	Bacteroidaceae	Bacteroides	NA
seq_243	Bacteria	Firmicutes	Clostridia	Clostridiales	Ruminococcaceae	Candidatus_Soleaferrea	NA
seq_244	Bacteria	Bacteroidetes	Bacteroidia	Bacteroidales	Prevotellaceae	Prevotella_6	NA
seq_245	Bacteria	Proteobacteria	Gammaproteobacteria	Enterobacteriales	Enterobacteriaceae	Escherichia/Shigella	NA
seq_246	Bacteria	Bacteroidetes	Bacteroidia	Bacteroidales	Prevotellaceae	Prevotella_7	NA
seq_247	Bacteria	Firmicutes	Clostridia	Clostridiales	Clostridiaceae_1	Clostridium_sensu_stricto_1	NA
seq_248	Bacteria	Firmicutes	Clostridia	Clostridiales	Family_XI	Ezakiella	NA
seq_249	Bacteria	Firmicutes	Erysipelotrichia	Erysipelotrichales	Erysipelotrichaceae	Holdemania	NA
seq_250	Bacteria	Firmicutes	Clostridia	Clostridiales	NA	NA	NA
seq_251	Bacteria	Firmicutes	Clostridia	Clostridiales	NA	NA	NA
seq_252	Bacteria	Firmicutes	Clostridia	Clostridiales	Ruminococcaceae	Ruminococcaceae_UCG-008	NA
seq_253	Bacteria	Firmicutes	Clostridia	Clostridiales	Lachnospiraceae	Lachnospiraceae_FCS020_group	NA
seq_254	Bacteria	Bacteroidetes	Bacteroidia	Bacteroidales	Bacteroidaceae	Bacteroides	NA
seq_255	Bacteria	Proteobacteria	Gammaproteobacteria	Xanthomonadales	Xanthomonadaceae	Stenotrophomonas	maltophilia
seq_256	Bacteria	Firmicutes	Clostridia	Clostridiales	Family_XI	Anaerococcus	NA
seq_257	Bacteria	Firmicutes	Clostridia	Clostridiales	Family_XIII	Family_XIII_AD3011_group	NA
seq_258	Bacteria	Firmicutes	Clostridia	Clostridiales	Lachnospiraceae	NA	NA
seq_259	Bacteria	Bacteroidetes	Bacteroidia	Bacteroidales	Rikenellaceae	Alistipes	NA
seq_260	Bacteria	Bacteroidetes	Bacteroidia	Bacteroidales	Bacteroidaceae	Bacteroides	NA
seq_261	Bacteria	Actinobacteria	Actinobacteria	Bifidobacteriales	Bifidobacteriaceae	Bifidobacterium	NA
seq_262	Bacteria	Firmicutes	Clostridia	Clostridiales	Lachnospiraceae	Lachnospiraceae_UCG-010	NA
seq_263	Bacteria	Firmicutes	Bacilli	Lactobacillales	Lactobacillaceae	Lactobacillus	NA
seq_264	Bacteria	Firmicutes	Clostridia	Clostridiales	Family_XI	Anaerococcus	NA
seq_265	Bacteria	Actinobacteria	Actinobacteria	Corynebacteriales	Corynebacteriaceae	Corynebacterium_1	NA
seq_266	Bacteria	Firmicutes	Clostridia	Clostridiales	Family_XI	Anaerococcus	NA
seq_267	Bacteria	Firmicutes	Bacilli	Bacillales	Planococcaceae	Domibacillus	NA
seq_268	Bacteria	Firmicutes	Clostridia	Clostridiales	Lachnospiraceae	NA	NA
seq_269	Bacteria	Bacteroidetes	Bacteroidia	Bacteroidales	Bacteroidaceae	Bacteroides	NA
seq_270	Bacteria	Firmicutes	Bacilli	Lactobacillales	Enterococcaceae	Enterococcus	NA
seq_271	Bacteria	Firmicutes	Clostridia	Clostridiales	Ruminococcaceae	NA	NA
seq_272	Bacteria	Bacteroidetes	Bacteroidia	Bacteroidales	Porphyromonadaceae	Parabacteroides	NA
seq_273	Bacteria	Firmicutes	Bacilli	Lactobacillales	Streptococcaceae	Streptococcus	NA
seq_274	Bacteria	Proteobacteria	Betaproteobacteria	Burkholderiales	Alcaligenaceae	Sutterella	wadsworthensis
seq_275	Bacteria	Actinobacteria	Actinobacteria	Corynebacteriales	Corynebacteriaceae	NA	NA
seq_276	Bacteria	Firmicutes	Clostridia	Clostridiales	Lachnospiraceae	Hungatella	NA
seq_277	Bacteria	Bacteroidetes	Bacteroidia	Bacteroidales	Porphyromonadaceae	Parabacteroides	NA
seq_278	Bacteria	Firmicutes	Clostridia	Clostridiales	Ruminococcaceae	Ruminococcaceae_UCG-004	NA
seq_279	Bacteria	Actinobacteria	Actinobacteria	Micrococcales	Micrococcaceae	Kocuria	NA
seq_280	Bacteria	Bacteroidetes	Bacteroidia	Bacteroidales	Porphyromonadaceae	Parabacteroides	NA
seq_281	Bacteria	Firmicutes	Clostridia	Clostridiales	Ruminococcaceae	NA	NA
seq_282	Bacteria	Bacteroidetes	Bacteroidia	Bacteroidales	Bacteroidaceae	Bacteroides	NA
seq_283	Bacteria	Firmicutes	Clostridia	Clostridiales	Ruminococcaceae	Anaerotruncus	NA
seq_284	Bacteria	Firmicutes	Clostridia	Clostridiales	Lachnospiraceae	Dorea	NA
seq_285	Bacteria	Bacteroidetes	Bacteroidia	Bacteroidales	Rikenellaceae	Alistipes	NA
seq_286	Bacteria	Actinobacteria	Coriobacteriia	Coriobacteriales	Coriobacteriaceae	Collinsella	NA
seq_287	Bacteria	Firmicutes	Clostridia	Clostridiales	Family_XIII	Family_XIII_AD3011_group	NA
seq_288	Bacteria	Bacteroidetes	Bacteroidia	Bacteroidales	Rikenellaceae	Alistipes	NA
seq_289	Bacteria	Firmicutes	Clostridia	Clostridiales	Lachnospiraceae	NA	NA
seq_290	Bacteria	Firmicutes	Clostridia	Clostridiales	Clostridiaceae_1	Clostridium_sensu_stricto_1	NA
seq_291	Bacteria	Firmicutes	Clostridia	Clostridiales	Lachnospiraceae	Hungatella	NA
seq_292	Bacteria	Firmicutes	Bacilli	Bacillales	Paenibacillaceae	Paenibacillus	NA
seq_293	Bacteria	Firmicutes	Clostridia	Clostridiales	Lachnospiraceae	[Eubacterium]_hallii_group	NA
seq_294	Bacteria	Bacteroidetes	Bacteroidia	Bacteroidales	Bacteroidaceae	Bacteroides	NA
seq_295	Bacteria	Bacteroidetes	Bacteroidia	Bacteroidales	Prevotellaceae	Alloprevotella	NA
seq_296	Bacteria	Bacteroidetes	Bacteroidia	Bacteroidales	Porphyromonadaceae	Odoribacter	NA
seq_297	Bacteria	Firmicutes	Clostridia	Clostridiales	Lachnospiraceae	Anaerostipes	caccae
seq_298	Bacteria	Firmicutes	Clostridia	Clostridiales	Clostridiaceae_1	Clostridium_sensu_stricto_1	tertium
seq_299	Bacteria	Bacteroidetes	Bacteroidia	Bacteroidales	Bacteroidaceae	Bacteroides	NA
seq_300	Bacteria	Firmicutes	Clostridia	Clostridiales	Ruminococcaceae	Candidatus_Soleaferrea	NA
seq_301	Bacteria	Actinobacteria	Coriobacteriia	Coriobacteriales	Coriobacteriaceae	Eggerthella	lenta
seq_302	Bacteria	Bacteroidetes	Bacteroidia	Bacteroidales	Bacteroidaceae	Bacteroides	NA
seq_303	Bacteria	Bacteroidetes	Bacteroidia	Bacteroidales	NA	NA	NA
seq_304	Bacteria	Firmicutes	Negativicutes	Selenomonadales	Acidaminococcaceae	Phascolarctobacterium	NA
seq_305	Bacteria	Bacteroidetes	Bacteroidia	Bacteroidales	Porphyromonadaceae	Odoribacter	NA
seq_306	Bacteria	Firmicutes	Clostridia	Clostridiales	Clostridiaceae_1	NA	NA
seq_307	Bacteria	Firmicutes	Negativicutes	Selenomonadales	Veillonellaceae	Veillonella	NA
seq_308	Bacteria	Bacteroidetes	Bacteroidia	Bacteroidales	Bacteroidaceae	Bacteroides	NA
seq_309	Bacteria	Firmicutes	Erysipelotrichia	Erysipelotrichales	Erysipelotrichaceae	Incertae_Sedis	NA
seq_310	Bacteria	Bacteroidetes	Bacteroidia	Bacteroidales	Bacteroidaceae	Bacteroides	NA
seq_311	Bacteria	Bacteroidetes	Bacteroidia	Bacteroidales	Bacteroidaceae	Bacteroides	NA
seq_312	Bacteria	Firmicutes	Negativicutes	Selenomonadales	Veillonellaceae	Veillonella	NA
seq_313	Bacteria	Firmicutes	Erysipelotrichia	Erysipelotrichales	Erysipelotrichaceae	Erysipelatoclostridium	NA
seq_314	Bacteria	Firmicutes	Bacilli	Bacillales	Paenibacillaceae	Paenibacillus	NA
seq_315	Bacteria	Firmicutes	NA	NA	NA	NA	NA
seq_316	Bacteria	Firmicutes	Clostridia	Clostridiales	Ruminococcaceae	Anaerotruncus	NA
seq_317	Bacteria	Firmicutes	Negativicutes	Selenomonadales	Veillonellaceae	Megasphaera	NA
seq_318	Bacteria	Bacteroidetes	Bacteroidia	Bacteroidales	Bacteroidaceae	Bacteroides	NA
seq_319	Bacteria	Firmicutes	Clostridia	Clostridiales	Ruminococcaceae	Ruminiclostridium_5	NA
seq_320	Bacteria	Bacteroidetes	Bacteroidia	Bacteroidales	Bacteroidaceae	Bacteroides	NA
seq_321	Bacteria	Firmicutes	Clostridia	Clostridiales	Ruminococcaceae	NA	NA
seq_322	Bacteria	Firmicutes	Bacilli	Lactobacillales	NA	NA	NA
seq_323	Bacteria	Fusobacteria	Fusobacteriia	Fusobacteriales	Fusobacteriaceae	NA	NA
seq_324	Bacteria	Bacteroidetes	Bacteroidia	Bacteroidales	Bacteroidaceae	Bacteroides	NA
seq_325	Bacteria	Firmicutes	Clostridia	Clostridiales	Lachnospiraceae	Coprococcus_1	NA
seq_326	Bacteria	Firmicutes	Clostridia	Clostridiales	Family_XI	Peptoniphilus	NA
seq_327	Bacteria	Proteobacteria	Alphaproteobacteria	Rhizobiales	Bradyrhizobiaceae	Bradyrhizobium	NA
seq_328	Bacteria	Firmicutes	Bacilli	Bacillales	Paenibacillaceae	Paenibacillus	NA
seq_329	Bacteria	Bacteroidetes	Bacteroidia	Bacteroidales	Bacteroidaceae	Bacteroides	NA
seq_330	Bacteria	Firmicutes	Clostridia	Clostridiales	Lachnospiraceae	Hungatella	NA
seq_331	Bacteria	Bacteroidetes	Bacteroidia	Bacteroidales	Rikenellaceae	Alistipes	NA
seq_332	Bacteria	Firmicutes	Erysipelotrichia	Erysipelotrichales	Erysipelotrichaceae	Erysipelatoclostridium	NA
seq_333	Bacteria	Firmicutes	Clostridia	Clostridiales	Lachnospiraceae	Blautia	hydrogenotrophica
seq_334	Bacteria	Bacteroidetes	Bacteroidia	Bacteroidales	Bacteroidaceae	Bacteroides	NA
seq_335	Bacteria	Firmicutes	Clostridia	Clostridiales	Ruminococcaceae	NA	NA
seq_336	Bacteria	Firmicutes	Clostridia	Clostridiales	Clostridiaceae_1	Clostridium_sensu_stricto_13	NA
seq_337	Bacteria	Firmicutes	Clostridia	Clostridiales	Ruminococcaceae	Candidatus_Soleaferrea	NA
seq_338	Bacteria	Bacteroidetes	Bacteroidia	Bacteroidales	Bacteroidaceae	Bacteroides	NA
seq_339	Bacteria	Actinobacteria	Coriobacteriia	Coriobacteriales	Coriobacteriaceae	NA	NA
seq_340	Bacteria	Firmicutes	Bacilli	Lactobacillales	Streptococcaceae	Streptococcus	NA
seq_341	Bacteria	NA	NA	NA	NA	NA	NA
seq_342	Bacteria	Proteobacteria	Betaproteobacteria	Burkholderiales	Alcaligenaceae	Parasutterella	NA
seq_343	Bacteria	Bacteroidetes	Bacteroidia	Bacteroidales	Porphyromonadaceae	Parabacteroides	NA
seq_344	Bacteria	Firmicutes	Erysipelotrichia	Erysipelotrichales	Erysipelotrichaceae	Incertae_Sedis	NA
seq_345	Bacteria	Firmicutes	Clostridia	Clostridiales	Ruminococcaceae	Ruminococcaceae_UCG-002	NA
seq_346	Bacteria	NA	NA	NA	NA	NA	NA
seq_347	Bacteria	Bacteroidetes	Bacteroidia	Bacteroidales	Rikenellaceae	Alistipes	NA
seq_348	Bacteria	Bacteroidetes	Bacteroidia	Bacteroidales	Rikenellaceae	Alistipes	NA
seq_349	Bacteria	Bacteroidetes	Bacteroidia	Bacteroidales	Bacteroidaceae	Bacteroides	NA
seq_350	Bacteria	Firmicutes	NA	NA	NA	NA	NA
seq_351	Bacteria	Proteobacteria	Gammaproteobacteria	Enterobacteriales	Enterobacteriaceae	NA	NA
seq_352	Bacteria	Bacteroidetes	Bacteroidia	Bacteroidales	Rikenellaceae	Alistipes	NA
seq_353	Bacteria	Synergistetes	Synergistia	Synergistales	Synergistaceae	Pyramidobacter	NA
seq_354	Bacteria	Firmicutes	Clostridia	Clostridiales	Lachnospiraceae	Blautia	NA
seq_355	Bacteria	NA	NA	NA	NA	NA	NA
seq_356	Bacteria	Firmicutes	Clostridia	Clostridiales	Lachnospiraceae	Lachnospiraceae_FCS020_group	NA
seq_357	Bacteria	Bacteroidetes	Bacteroidia	Bacteroidales	Porphyromonadaceae	Odoribacter	NA
seq_358	Bacteria	Firmicutes	Erysipelotrichia	Erysipelotrichales	Erysipelotrichaceae	Holdemania	NA
seq_359	Bacteria	NA	NA	NA	NA	NA	NA
seq_360	Bacteria	Bacteroidetes	Bacteroidia	Bacteroidales	Rikenellaceae	Alistipes	NA
seq_361	Bacteria	Firmicutes	Erysipelotrichia	Erysipelotrichales	Erysipelotrichaceae	Incertae_Sedis	NA
seq_362	Bacteria	Bacteroidetes	Bacteroidia	Bacteroidales	Bacteroidaceae	Bacteroides	NA
seq_363	Bacteria	Bacteroidetes	Bacteroidia	Bacteroidales	Bacteroidaceae	Bacteroides	NA
seq_364	Bacteria	Bacteroidetes	Bacteroidia	Bacteroidales	Bacteroidaceae	Bacteroides	NA
seq_365	Bacteria	Bacteroidetes	Bacteroidia	Bacteroidales	Porphyromonadaceae	Odoribacter	NA
seq_366	Bacteria	Firmicutes	Negativicutes	Selenomonadales	Acidaminococcaceae	Phascolarctobacterium	NA
seq_367	Bacteria	Bacteroidetes	Bacteroidia	Bacteroidales	Rikenellaceae	Alistipes	NA
seq_368	Bacteria	Bacteroidetes	Bacteroidia	Bacteroidales	Bacteroidaceae	Bacteroides	NA
seq_369	Bacteria	Fusobacteria	Fusobacteriia	Fusobacteriales	Fusobacteriaceae	Fusobacterium	NA
seq_370	Bacteria	Bacteroidetes	Bacteroidia	Bacteroidales	Bacteroidaceae	Bacteroides	NA
seq_371	Bacteria	Synergistetes	Synergistia	Synergistales	Synergistaceae	Pyramidobacter	NA
seq_372	Bacteria	Bacteroidetes	Bacteroidia	Bacteroidales	Bacteroidaceae	Bacteroides	NA
seq_373	Bacteria	Bacteroidetes	Bacteroidia	Bacteroidales	Porphyromonadaceae	Barnesiella	NA
seq_374	Bacteria	Firmicutes	Clostridia	Clostridiales	Ruminococcaceae	NA	NA
seq_375	Bacteria	Firmicutes	Clostridia	Clostridiales	Ruminococcaceae	NA	NA
seq_376	Bacteria	Firmicutes	Bacilli	Bacillales	Planococcaceae	Viridibacillus	NA
seq_377	Bacteria	NA	NA	NA	NA	NA	NA
seq_378	Bacteria	Bacteroidetes	NA	NA	NA	NA	NA
seq_379	Bacteria	Bacteroidetes	Bacteroidia	Bacteroidales	Bacteroidaceae	Bacteroides	NA
seq_380	Bacteria	Bacteroidetes	Bacteroidia	Bacteroidales	Bacteroidaceae	Bacteroides	NA
seq_381	Bacteria	NA	NA	NA	NA	NA	NA
seq_382	Bacteria	Bacteroidetes	Bacteroidia	Bacteroidales	Bacteroidaceae	Bacteroides	NA
seq_383	Bacteria	Bacteroidetes	Bacteroidia	Bacteroidales	Rikenellaceae	Alistipes	NA
seq_384	Bacteria	Firmicutes	Clostridia	Clostridiales	Ruminococcaceae	Anaerofilum	NA
seq_385	Bacteria	Bacteroidetes	Bacteroidia	Bacteroidales	Bacteroidaceae	Bacteroides	NA
seq_386	Bacteria	Bacteroidetes	Bacteroidia	Bacteroidales	Bacteroidaceae	Bacteroides	NA
seq_387	Bacteria	Bacteroidetes	Bacteroidia	Bacteroidales	Bacteroidaceae	Bacteroides	NA
seq_388	Bacteria	Bacteroidetes	Bacteroidia	Bacteroidales	Bacteroidaceae	Bacteroides	NA
seq_389	Bacteria	NA	NA	NA	NA	NA	NA
seq_390	Bacteria	Firmicutes	Clostridia	Clostridiales	Ruminococcaceae	Anaerofilum	NA
seq_391	Bacteria	Bacteroidetes	Bacteroidia	Bacteroidales	Bacteroidaceae	Bacteroides	NA
seq_392	Bacteria	Firmicutes	Clostridia	Clostridiales	Ruminococcaceae	NA	NA
seq_393	Bacteria	Firmicutes	Clostridia	Clostridiales	Lachnospiraceae	Eisenbergiella	NA
seq_394	Bacteria	NA	NA	NA	NA	NA	NA
seq_395	Bacteria	Bacteroidetes	Bacteroidia	Bacteroidales	Bacteroidaceae	Bacteroides	NA
seq_396	Bacteria	Bacteroidetes	Bacteroidia	Bacteroidales	Bacteroidaceae	Bacteroides	NA
seq_397	Bacteria	Bacteroidetes	Bacteroidia	Bacteroidales	Bacteroidaceae	Bacteroides	NA
seq_398	Bacteria	Bacteroidetes	Bacteroidia	Bacteroidales	Rikenellaceae	Alistipes	NA
seq_399	Bacteria	Bacteroidetes	Bacteroidia	Bacteroidales	Bacteroidaceae	Bacteroides	NA
seq_400	Bacteria	Bacteroidetes	Bacteroidia	Bacteroidales	Bacteroidaceae	Bacteroides	NA
seq_401	Bacteria	Bacteroidetes	Bacteroidia	Bacteroidales	Bacteroidaceae	Bacteroides	NA
seq_402	Bacteria	Bacteroidetes	Bacteroidia	Bacteroidales	Bacteroidaceae	Bacteroides	NA
seq_403	Bacteria	Proteobacteria	Betaproteobacteria	Burkholderiales	Alcaligenaceae	Parasutterella	NA
seq_404	Bacteria	Firmicutes	Clostridia	Clostridiales	NA	NA	NA
seq_405	Bacteria	Bacteroidetes	Bacteroidia	Bacteroidales	Rikenellaceae	Alistipes	NA
seq_406	Bacteria	Bacteroidetes	Bacteroidia	Bacteroidales	Bacteroidaceae	Bacteroides	NA
seq_407	Bacteria	Bacteroidetes	Bacteroidia	Bacteroidales	Bacteroidaceae	Bacteroides	NA
seq_408	Bacteria	Actinobacteria	Coriobacteriia	Coriobacteriales	Coriobacteriaceae	Collinsella	NA
seq_409	Bacteria	Bacteroidetes	Bacteroidia	Bacteroidales	Bacteroidaceae	Bacteroides	NA
seq_410	Bacteria	Bacteroidetes	Bacteroidia	Bacteroidales	Bacteroidaceae	Bacteroides	NA
seq_411	Bacteria	Bacteroidetes	Bacteroidia	Bacteroidales	Bacteroidaceae	Bacteroides	NA
seq_412	Bacteria	Firmicutes	Clostridia	Clostridiales	Lachnospiraceae	NA	NA
seq_413	Bacteria	Bacteroidetes	NA	NA	NA	NA	NA
